{
  "heart": {
    "dataset": "heart",
    "best_model": "Logistic Regression",
    "comparison": {
      "Model": {
        "0": "Logistic Regression",
        "2": "Random Forest",
        "3": "XGBoost",
        "1": "SVM"
      },
      "Accuracy": {
        "0": 0.8852,
        "2": 0.9016,
        "3": 0.8689,
        "1": 0.8689
      },
      "Precision": {
        "0": 0.8621,
        "2": 0.8667,
        "3": 0.8333,
        "1": 0.8333
      },
      "Recall": {
        "0": 0.8929,
        "2": 0.9286,
        "3": 0.8929,
        "1": 0.8929
      },
      "F1 Score": {
        "0": 0.8772,
        "2": 0.8966,
        "3": 0.8621,
        "1": 0.8621
      },
      "ROC-AUC": {
        "0": 0.9675,
        "2": 0.96,
        "3": 0.9491,
        "1": 0.9481
      }
    },
    "elapsed_time": 39.36341571807861
  },
  "diabetes": {
    "dataset": "diabetes",
    "best_model": "XGBoost",
    "comparison": {
      "Model": {
        "3": "XGBoost",
        "1": "SVM",
        "2": "Random Forest",
        "0": "Logistic Regression"
      },
      "Accuracy": {
        "3": 0.7143,
        "1": 0.7468,
        "2": 0.7403,
        "0": 0.7078
      },
      "Precision": {
        "3": 0.619,
        "1": 0.6667,
        "2": 0.6591,
        "0": 0.5918
      },
      "Recall": {
        "3": 0.4815,
        "1": 0.5556,
        "2": 0.537,
        "0": 0.537
      },
      "F1 Score": {
        "3": 0.5417,
        "1": 0.6061,
        "2": 0.5918,
        "0": 0.5631
      },
      "ROC-AUC": {
        "3": 0.8148,
        "1": 0.8106,
        "2": 0.8106,
        "0": 0.8056
      }
    },
    "elapsed_time": 6.047092437744141
  },
  "cancer": {
    "dataset": "cancer",
    "best_model": "Logistic Regression",
    "comparison": {
      "Model": {
        "0": "Logistic Regression",
        "2": "Random Forest",
        "3": "XGBoost",
        "1": "SVM"
      },
      "Accuracy": {
        "0": 0.9912,
        "2": 0.9737,
        "3": 0.9737,
        "1": 0.9737
      },
      "Precision": {
        "0": 1.0,
        "2": 1.0,
        "3": 1.0,
        "1": 1.0
      },
      "Recall": {
        "0": 0.9762,
        "2": 0.9286,
        "3": 0.9286,
        "1": 0.9286
      },
      "F1 Score": {
        "0": 0.988,
        "2": 0.963,
        "3": 0.963,
        "1": 0.963
      },
      "ROC-AUC": {
        "0": 0.9983,
        "2": 0.9954,
        "3": 0.9947,
        "1": 0.9934
      }
    },
    "elapsed_time": 9.38046145439148
  }
}